{
  "comparison_against": "baseline.cbm",
  "predictions_file": "/Users/yuehu/agent-code/catboost-optimize/results/baseline_20250720_191845_predictions.json",
  "total_samples": 1000000,
  "samples_compared": 1000,
  "metrics": {
    "n_samples_compared": 1000,
    "exact_matches_ratio": 0.0,
    "max_absolute_error": 9444.98046875,
    "mean_absolute_error": 2459.132080078125,
    "rmse": 2920.67578125,
    "mean_relative_error": 0.8490728735923767,
    "error_percentiles": {
      "p50": 2216.842041015625,
      "p90": 4545.07568359375,
      "p95": 5204.20361328125,
      "p99": 7642.0166015625,
      "p99.9": 8582.5712890625
    },
    "relative_error_percentiles": {
      "p50": 0.5872908234596252,
      "p90": 1.9029080867767334,
      "p95": 2.393491506576538,
      "p99": 4.296628952026367
    },
    "regression_detected": true,
    "error_distribution": {
      "below_0.0001": 0,
      "below_0.001": 0,
      "below_0.01": 0,
      "below_0.1": 0,
      "above_0.1": 1000
    }
  }
}